-- phpMyAdmin SQL Dump
-- version 5.2.1
-- https://www.phpmyadmin.net/
--
-- Hôte : db-supervision
-- Généré le : mar. 10 déc. 2024 à 13:12
-- Version du serveur : 5.7.22
-- Version de PHP : 8.2.8

SET SQL_MODE = "NO_AUTO_VALUE_ON_ZERO";
START TRANSACTION;
SET time_zone = "+00:00";


/*!40101 SET @OLD_CHARACTER_SET_CLIENT=@@CHARACTER_SET_CLIENT */;
/*!40101 SET @OLD_CHARACTER_SET_RESULTS=@@CHARACTER_SET_RESULTS */;
/*!40101 SET @OLD_COLLATION_CONNECTION=@@COLLATION_CONNECTION */;
/*!40101 SET NAMES utf8mb4 */;

--
-- Base de données : `laravel`
--

-- --------------------------------------------------------

--
-- Structure de la table `machines`
--

CREATE TABLE `machines` (
  `machine_id` int(11) NOT NULL,
  `name` varchar(30) COLLATE utf8_unicode_ci NOT NULL,
  `max_storage` int(11) NOT NULL,
  `ip` varchar(255) COLLATE utf8_unicode_ci NOT NULL
) ENGINE=InnoDB DEFAULT CHARSET=utf8 COLLATE=utf8_unicode_ci;

--
-- Déchargement des données de la table `machines`
--

INSERT INTO `machines` (`machine_id`, `name`, `max_storage`, `ip`) VALUES
(1, 'PC1', 600, ''),
(2, 'PC2', 500, ''),
(3, 'Serveur', 40, '');

-- --------------------------------------------------------

--
-- Structure de la table `notifications`
--

CREATE TABLE `notifications` (
  `notification_id` int(11) NOT NULL,
  `FK_machine_id` int(11) NOT NULL,
  `ping` tinyint(1) DEFAULT NULL,
  `storage` int(11) DEFAULT NULL,
  `ram` int(11) DEFAULT NULL,
  `cpu` int(11) DEFAULT NULL,
  `FK_notification_type_id` int(11) DEFAULT NULL,
  `date` timestamp NOT NULL DEFAULT CURRENT_TIMESTAMP
) ENGINE=InnoDB DEFAULT CHARSET=latin1;

--
-- Déchargement des données de la table `notifications`
--

INSERT INTO `notifications` (`notification_id`, `FK_machine_id`, `ping`, `storage`, `ram`, `cpu`, `FK_notification_type_id`, `date`) VALUES
(1, 1, 1, 200, 75, 100, 2, '2024-12-04 14:38:59'),
(2, 2, 1, 450, 80, 95, 2, '2024-12-04 14:38:59'),
(3, 1, 1, 200, 75, 100, 2, '2024-12-04 14:40:27'),
(4, 2, 1, 450, 80, 95, 2, '2024-12-04 14:40:27'),
(5, 1, NULL, NULL, NULL, 100, 2, '2024-12-04 14:42:48'),
(6, 2, NULL, 450, 80, 95, 2, '2024-12-04 14:42:48'),
(7, 1, NULL, NULL, NULL, 100, 2, '2024-12-04 14:46:03'),
(8, 2, NULL, 450, 80, 95, 2, '2024-12-04 14:46:03'),
(9, 1, NULL, NULL, NULL, 100, 2, '2024-12-04 14:46:09'),
(10, 2, NULL, 450, 80, 95, 2, '2024-12-04 14:46:09'),
(11, 1, NULL, NULL, NULL, 100, 2, '2024-12-04 14:50:40'),
(12, 2, NULL, 450, 80, 95, 2, '2024-12-04 14:50:40'),
(13, 1, NULL, NULL, NULL, 100, 2, '2024-12-04 14:51:02'),
(14, 2, NULL, 450, 80, 95, 2, '2024-12-04 14:51:02'),
(15, 1, NULL, NULL, NULL, 100, 2, '2024-12-04 14:51:09'),
(16, 2, NULL, 450, 80, 95, 2, '2024-12-04 14:51:09'),
(17, 1, NULL, NULL, NULL, 100, 2, '2024-12-04 14:51:25'),
(18, 2, NULL, 450, 80, 95, 2, '2024-12-04 14:51:25'),
(19, 1, NULL, NULL, NULL, 100, 2, '2024-12-04 14:53:05'),
(20, 2, NULL, 450, 80, 95, 2, '2024-12-04 14:53:05'),
(21, 1, NULL, NULL, NULL, 100, 2, '2024-12-04 14:56:03'),
(22, 2, NULL, 450, 80, 95, 2, '2024-12-04 14:56:03'),
(23, 1, NULL, NULL, NULL, 100, 2, '2024-12-04 14:58:05'),
(24, 2, NULL, 450, 80, 95, 2, '2024-12-04 14:58:05'),
(25, 1, NULL, NULL, NULL, 100, 2, '2024-12-04 14:58:39'),
(26, 2, NULL, 450, 80, 95, 2, '2024-12-04 14:58:39'),
(27, 1, NULL, NULL, NULL, 100, 2, '2024-12-04 14:59:17'),
(28, 2, NULL, 450, 80, 95, 2, '2024-12-04 14:59:17'),
(29, 1, NULL, NULL, NULL, 100, 2, '2024-12-04 15:01:02'),
(30, 2, NULL, 450, 80, 95, 2, '2024-12-04 15:01:02'),
(31, 1, NULL, NULL, NULL, 100, 2, '2024-12-04 15:04:20'),
(32, 2, NULL, 450, 80, 95, 2, '2024-12-04 15:04:20'),
(33, 1, NULL, NULL, NULL, 100, 2, '2024-12-05 10:00:04'),
(34, 2, NULL, 450, 80, 95, 2, '2024-12-05 10:00:04'),
(35, 1, NULL, NULL, NULL, 100, 2, '2024-12-05 10:05:05'),
(36, 2, NULL, 450, 80, 95, 2, '2024-12-05 10:05:05'),
(37, 1, NULL, NULL, NULL, 100, 2, '2024-12-05 10:10:05'),
(38, 2, NULL, 450, 80, 95, 2, '2024-12-05 10:10:05'),
(39, 1, NULL, NULL, NULL, 100, 2, '2024-12-05 10:15:05'),
(40, 2, NULL, 450, 80, 95, 2, '2024-12-05 10:15:05'),
(41, 1, NULL, NULL, NULL, 100, 2, '2024-12-05 10:20:05'),
(42, 2, NULL, 450, 80, 95, 2, '2024-12-05 10:20:05'),
(43, 1, NULL, NULL, NULL, 100, 2, '2024-12-05 10:26:00'),
(44, 2, NULL, 450, 80, 95, 2, '2024-12-05 10:26:00'),
(45, 1, NULL, NULL, NULL, 100, 2, '2024-12-05 10:31:00'),
(46, 2, NULL, 450, 80, 95, 2, '2024-12-05 10:31:00'),
(47, 1, NULL, NULL, NULL, 100, 2, '2024-12-05 10:36:00'),
(48, 2, NULL, 450, 80, 95, 2, '2024-12-05 10:36:00'),
(49, 1, NULL, NULL, NULL, 100, 2, '2024-12-05 10:41:00'),
(50, 2, NULL, 450, 80, 95, 2, '2024-12-05 10:41:00'),
(51, 1, NULL, NULL, NULL, 100, 2, '2024-12-05 10:46:00'),
(52, 2, NULL, 450, 80, 95, 2, '2024-12-05 10:46:00'),
(53, 1, NULL, NULL, NULL, 100, 2, '2024-12-05 10:51:00'),
(54, 2, NULL, 450, 80, 95, 2, '2024-12-05 10:51:00'),
(55, 1, NULL, NULL, NULL, 100, 2, '2024-12-05 10:56:00'),
(56, 2, NULL, 450, 80, 95, 2, '2024-12-05 10:56:00'),
(57, 1, NULL, NULL, NULL, 100, 2, '2024-12-05 11:01:00'),
(58, 2, NULL, 450, 80, 95, 2, '2024-12-05 11:01:00'),
(59, 1, NULL, NULL, NULL, 100, 2, '2024-12-05 11:06:00'),
(60, 2, NULL, 450, 80, 95, 2, '2024-12-05 11:06:00'),
(61, 1, NULL, NULL, NULL, 100, 2, '2024-12-05 11:11:00'),
(62, 2, NULL, 450, 80, 95, 2, '2024-12-05 11:11:00'),
(63, 1, NULL, NULL, NULL, 100, 2, '2024-12-05 11:16:00'),
(64, 2, NULL, 450, 80, 95, 2, '2024-12-05 11:16:00'),
(65, 1, NULL, NULL, NULL, 100, 2, '2024-12-05 11:21:00'),
(66, 2, NULL, 450, 80, 95, 2, '2024-12-05 11:21:00'),
(67, 1, NULL, NULL, NULL, 100, 2, '2024-12-05 11:26:00'),
(68, 2, NULL, 450, 80, 95, 2, '2024-12-05 11:26:00'),
(69, 1, NULL, NULL, NULL, 100, 2, '2024-12-05 11:31:00'),
(70, 2, NULL, 450, 80, 95, 2, '2024-12-05 11:31:00'),
(71, 1, NULL, NULL, NULL, 100, 2, '2024-12-05 11:36:00'),
(72, 2, NULL, 450, 80, 95, 2, '2024-12-05 11:36:00'),
(73, 1, NULL, NULL, NULL, 100, 2, '2024-12-05 11:41:00'),
(74, 2, NULL, 450, 80, 95, 2, '2024-12-05 11:41:00'),
(75, 1, NULL, NULL, NULL, 100, 2, '2024-12-05 11:46:00'),
(76, 2, NULL, 450, 80, 95, 2, '2024-12-05 11:46:00'),
(77, 1, NULL, NULL, NULL, 100, 2, '2024-12-05 11:51:00'),
(78, 2, NULL, 450, 80, 95, 2, '2024-12-05 11:51:00'),
(79, 1, NULL, NULL, NULL, 100, 2, '2024-12-05 11:56:00'),
(80, 2, NULL, 450, 80, 95, 2, '2024-12-05 11:56:00'),
(81, 1, NULL, NULL, NULL, 100, 2, '2024-12-05 12:01:00'),
(82, 2, NULL, 450, 80, 95, 2, '2024-12-05 12:01:00'),
(83, 1, NULL, NULL, NULL, 100, 2, '2024-12-05 12:06:00'),
(84, 2, NULL, 450, 80, 95, 2, '2024-12-05 12:06:00'),
(85, 1, NULL, NULL, NULL, 100, 2, '2024-12-05 12:11:00'),
(86, 2, NULL, 450, 80, 95, 2, '2024-12-05 12:11:00'),
(87, 1, NULL, NULL, NULL, 100, 2, '2024-12-05 12:16:00'),
(88, 2, NULL, 450, 80, 95, 2, '2024-12-05 12:16:00'),
(89, 1, NULL, NULL, NULL, 100, 2, '2024-12-05 12:21:00'),
(90, 2, NULL, 450, 80, 95, 2, '2024-12-05 12:21:00'),
(91, 1, NULL, NULL, NULL, 100, 2, '2024-12-05 12:26:00'),
(92, 2, NULL, 450, 80, 95, 2, '2024-12-05 12:26:00'),
(93, 1, NULL, NULL, NULL, 100, 2, '2024-12-05 12:31:00'),
(94, 2, NULL, 450, 80, 95, 2, '2024-12-05 12:31:00'),
(95, 1, NULL, NULL, NULL, 100, 2, '2024-12-05 12:36:00'),
(96, 2, NULL, 450, 80, 95, 2, '2024-12-05 12:36:00'),
(97, 1, NULL, NULL, NULL, 100, 2, '2024-12-05 12:41:00'),
(98, 2, NULL, 450, 80, 95, 2, '2024-12-05 12:41:00'),
(99, 1, NULL, NULL, NULL, 100, 2, '2024-12-05 15:40:37'),
(100, 2, NULL, 450, 80, 95, 2, '2024-12-05 15:40:37'),
(101, 1, NULL, NULL, NULL, 100, 2, '2024-12-05 15:41:13'),
(102, 2, NULL, 450, 80, 95, 2, '2024-12-05 15:41:13'),
(103, 1, NULL, NULL, NULL, 100, 2, '2024-12-05 15:41:29'),
(104, 2, NULL, 450, 80, 95, 2, '2024-12-05 15:41:29'),
(105, 1, NULL, NULL, NULL, 100, 2, '2024-12-05 15:41:52'),
(106, 2, NULL, 450, 80, 95, 2, '2024-12-05 15:41:52'),
(107, 1, NULL, NULL, NULL, 100, 2, '2024-12-05 15:42:38'),
(108, 2, NULL, 450, 80, 95, 2, '2024-12-05 15:42:38'),
(109, 1, NULL, NULL, NULL, 100, 2, '2024-12-05 15:47:38'),
(110, 2, NULL, 450, 80, 95, 2, '2024-12-05 15:47:38'),
(111, 1, NULL, NULL, NULL, 100, 2, '2024-12-05 15:51:48'),
(112, 2, NULL, 450, 80, 95, 2, '2024-12-05 15:51:48'),
(113, 1, NULL, NULL, NULL, 100, 2, '2024-12-05 15:52:54'),
(114, 2, NULL, 450, 80, 95, 2, '2024-12-05 15:52:54'),
(115, 1, NULL, NULL, NULL, 100, 2, '2024-12-05 15:53:20'),
(116, 2, NULL, 450, 80, 95, 2, '2024-12-05 15:53:20'),
(117, 1, NULL, NULL, NULL, 100, 2, '2024-12-05 15:58:22'),
(118, 2, NULL, 450, 80, 95, 2, '2024-12-05 15:58:22'),
(119, 1, NULL, NULL, NULL, 100, 2, '2024-12-05 16:00:01'),
(120, 2, NULL, 450, 80, 95, 2, '2024-12-05 16:00:01'),
(121, 1, NULL, NULL, NULL, 100, 2, '2024-12-05 16:00:18'),
(122, 2, NULL, 450, 80, 95, 2, '2024-12-05 16:00:18'),
(123, 1, NULL, NULL, NULL, 100, 2, '2024-12-05 16:00:40'),
(124, 2, NULL, 450, 80, 95, 2, '2024-12-05 16:00:40'),
(125, 1, NULL, NULL, NULL, 100, 2, '2024-12-05 16:01:52'),
(126, 2, NULL, 450, 80, 95, 2, '2024-12-05 16:01:52'),
(127, 1, NULL, NULL, NULL, 100, 2, '2024-12-05 16:02:18'),
(128, 2, NULL, 450, 80, 95, 2, '2024-12-05 16:02:18'),
(129, 1, NULL, NULL, NULL, 100, 2, '2024-12-05 16:02:46'),
(130, 2, NULL, 450, 80, 95, 2, '2024-12-05 16:02:46'),
(131, 1, NULL, NULL, NULL, 100, 2, '2024-12-05 16:03:03'),
(132, 2, NULL, 450, 80, 95, 2, '2024-12-05 16:03:03'),
(133, 1, NULL, NULL, NULL, 100, 2, '2024-12-05 16:03:36'),
(134, 2, NULL, 450, 80, 95, 2, '2024-12-05 16:03:36'),
(135, 1, NULL, NULL, NULL, 100, 2, '2024-12-05 16:03:43'),
(136, 2, NULL, 450, 80, 95, 2, '2024-12-05 16:03:43'),
(137, 1, NULL, NULL, NULL, 100, 2, '2024-12-05 16:08:44'),
(138, 2, NULL, 450, 80, 95, 2, '2024-12-05 16:08:44'),
(139, 1, NULL, NULL, NULL, 100, 2, '2024-12-05 16:13:45'),
(140, 2, NULL, 450, 80, 95, 2, '2024-12-05 16:13:45'),
(141, 1, NULL, NULL, NULL, 100, 2, '2024-12-05 16:14:49'),
(142, 2, NULL, 450, 80, 95, 2, '2024-12-05 16:14:49'),
(143, 1, NULL, NULL, NULL, 100, 2, '2024-12-05 16:15:12'),
(144, 2, NULL, 450, 80, 95, 2, '2024-12-05 16:15:12'),
(145, 1, NULL, NULL, NULL, 100, 2, '2024-12-05 16:20:08'),
(146, 2, NULL, 450, 80, 95, 2, '2024-12-05 16:20:08'),
(147, 1, NULL, NULL, NULL, 100, 2, '2024-12-05 16:20:20'),
(148, 2, NULL, 450, 80, 95, 2, '2024-12-05 16:20:20'),
(149, 1, NULL, NULL, NULL, 100, 2, '2024-12-05 16:21:40'),
(150, 2, NULL, 450, 80, 95, 2, '2024-12-05 16:21:40'),
(151, 1, NULL, NULL, NULL, 100, 2, '2024-12-06 08:14:30'),
(152, 2, NULL, 450, 80, 95, 2, '2024-12-06 08:14:30'),
(153, 1, NULL, NULL, NULL, 100, 2, '2024-12-06 08:56:45'),
(154, 2, NULL, 450, 80, 95, 2, '2024-12-06 08:56:45'),
(155, 1, NULL, NULL, NULL, 100, 2, '2024-12-06 10:26:57'),
(156, 2, NULL, 450, 80, 95, 2, '2024-12-06 10:26:57'),
(157, 1, NULL, NULL, NULL, 100, 2, '2024-12-06 10:31:58'),
(158, 2, NULL, 450, 80, 95, 2, '2024-12-06 10:31:58'),
(159, 1, NULL, NULL, NULL, 100, 2, '2024-12-06 10:33:58'),
(160, 2, NULL, 450, 80, 95, 2, '2024-12-06 10:33:58'),
(161, 1, NULL, NULL, NULL, 100, 2, '2024-12-06 10:38:58'),
(162, 2, NULL, 450, 80, 95, 2, '2024-12-06 10:38:58'),
(163, 1, NULL, NULL, NULL, 100, 2, '2024-12-06 10:43:59'),
(164, 2, NULL, 450, 80, 95, 2, '2024-12-06 10:43:59'),
(165, 1, NULL, NULL, NULL, 100, 2, '2024-12-06 10:48:59'),
(166, 2, NULL, 450, 80, 95, 2, '2024-12-06 10:48:59'),
(167, 1, NULL, NULL, NULL, 100, 2, '2024-12-06 10:53:59'),
(168, 2, NULL, 450, 80, 95, 2, '2024-12-06 10:53:59'),
(169, 1, NULL, NULL, NULL, 100, 2, '2024-12-06 10:58:57'),
(170, 2, NULL, 450, 80, 95, 2, '2024-12-06 10:58:57'),
(171, 1, NULL, NULL, NULL, 100, 2, '2024-12-06 12:41:45'),
(172, 2, NULL, 450, 80, 95, 2, '2024-12-06 12:41:45'),
(173, 1, NULL, NULL, NULL, 100, 2, '2024-12-06 12:52:33'),
(174, 2, NULL, 450, 80, 95, 2, '2024-12-06 12:52:33'),
(175, 1, NULL, NULL, NULL, 100, 2, '2024-12-06 12:57:35'),
(176, 2, NULL, 450, 80, 95, 2, '2024-12-06 12:57:35'),
(177, 1, NULL, NULL, NULL, 100, 2, '2024-12-06 12:58:59'),
(178, 2, NULL, 450, 80, 95, 2, '2024-12-06 12:58:59'),
(179, 1, NULL, NULL, NULL, 100, 2, '2024-12-06 13:00:45'),
(180, 2, NULL, 450, 80, 95, 2, '2024-12-06 13:00:45'),
(181, 1, NULL, NULL, NULL, 100, 2, '2024-12-06 13:05:42'),
(182, 2, NULL, 450, 80, 95, 2, '2024-12-06 13:05:42'),
(183, 1, NULL, NULL, NULL, 100, 2, '2024-12-06 13:09:10'),
(184, 2, NULL, 450, 80, 95, 2, '2024-12-06 13:09:10'),
(185, 1, NULL, NULL, NULL, 100, 2, '2024-12-06 13:10:02'),
(186, 2, NULL, 450, 80, 95, 2, '2024-12-06 13:10:02'),
(187, 1, NULL, NULL, NULL, 100, 2, '2024-12-06 13:10:23'),
(188, 2, NULL, 450, 80, 95, 2, '2024-12-06 13:10:23'),
(189, 1, NULL, NULL, NULL, 100, 2, '2024-12-06 13:12:11'),
(190, 2, NULL, 450, 80, 95, 2, '2024-12-06 13:12:11'),
(191, 1, NULL, NULL, NULL, 100, 2, '2024-12-06 13:12:28'),
(192, 2, NULL, 450, 80, 95, 2, '2024-12-06 13:12:28'),
(193, 1, NULL, NULL, NULL, 100, 2, '2024-12-06 13:12:40'),
(194, 2, NULL, 450, 80, 95, 2, '2024-12-06 13:12:40'),
(195, 1, NULL, NULL, NULL, 100, 2, '2024-12-06 13:15:00'),
(196, 2, NULL, 450, 80, 95, 2, '2024-12-06 13:15:00'),
(197, 1, NULL, NULL, NULL, 100, 2, '2024-12-06 13:15:03'),
(198, 2, NULL, 450, 80, 95, 2, '2024-12-06 13:15:03'),
(199, 1, NULL, NULL, NULL, 100, 2, '2024-12-06 13:15:13'),
(200, 2, NULL, 450, 80, 95, 2, '2024-12-06 13:15:13'),
(201, 1, NULL, NULL, NULL, 100, 2, '2024-12-06 13:15:33'),
(202, 2, NULL, 450, 80, 95, 2, '2024-12-06 13:15:33'),
(203, 1, NULL, NULL, NULL, 100, 2, '2024-12-06 13:15:54'),
(204, 2, NULL, 450, 80, 95, 2, '2024-12-06 13:15:54'),
(205, 1, NULL, NULL, NULL, 100, 2, '2024-12-06 13:16:05'),
(206, 2, NULL, 450, 80, 95, 2, '2024-12-06 13:16:05'),
(207, 1, NULL, NULL, NULL, 100, 2, '2024-12-06 13:49:35'),
(208, 2, NULL, 450, 80, 95, 2, '2024-12-06 13:49:35'),
(209, 1, NULL, NULL, NULL, 100, 2, '2024-12-06 13:50:04'),
(210, 2, NULL, 450, 80, 95, 2, '2024-12-06 13:50:04'),
(211, 1, NULL, NULL, NULL, 100, 2, '2024-12-10 10:21:26'),
(212, 2, NULL, 450, 80, 95, 2, '2024-12-10 10:21:26'),
(213, 3, NULL, 40, NULL, NULL, 2, '2024-12-10 10:21:26'),
(214, 1, NULL, NULL, NULL, 100, 2, '2024-12-10 10:42:11'),
(215, 2, NULL, 450, 80, 95, 2, '2024-12-10 10:42:11'),
(216, 3, NULL, 40, NULL, NULL, 2, '2024-12-10 10:42:11');

-- --------------------------------------------------------

--
-- Structure de la table `notifications_type`
--

CREATE TABLE `notifications_type` (
  `notification_type_id` int(11) NOT NULL,
  `type` varchar(255) NOT NULL
) ENGINE=InnoDB DEFAULT CHARSET=latin1;

--
-- Déchargement des données de la table `notifications_type`
--

INSERT INTO `notifications_type` (`notification_type_id`, `type`) VALUES
(1, 'Avertissement'),
(2, 'Alerte');

-- --------------------------------------------------------

--
-- Structure de la table `ressources_hist`
--

CREATE TABLE `ressources_hist` (
  `resource_hist_id` int(11) NOT NULL,
  `FK_machine_id` int(11) NOT NULL,
  `ping` tinyint(1) DEFAULT NULL,
  `storage` int(11) DEFAULT NULL,
  `ram` int(11) DEFAULT NULL,
  `cpu` int(11) DEFAULT NULL,
  `save_date` timestamp NOT NULL DEFAULT CURRENT_TIMESTAMP
) ENGINE=InnoDB DEFAULT CHARSET=utf8 COLLATE=utf8_unicode_ci;

--
-- Déchargement des données de la table `ressources_hist`
--

INSERT INTO `ressources_hist` (`resource_hist_id`, `FK_machine_id`, `ping`, `storage`, `ram`, `cpu`, `save_date`) VALUES
(1, 1, 1, 240, 69, 75, '2024-12-10 13:05:07'),
(2, 2, 1, 201, 79, 70, '2024-12-10 13:35:07'),
(3, 3, 1, 16, 78, 83, '2024-12-10 14:05:07'),
(4, 1, 1, 243, 74, 82, '2024-12-10 14:35:07'),
(5, 2, 1, 203, 77, 83, '2024-12-10 15:05:07'),
(6, 3, 1, 16, 78, 80, '2024-12-10 15:35:07'),
(7, 1, 1, 245, 75, 70, '2024-12-10 16:05:07'),
(8, 2, 1, 205, 72, 82, '2024-12-10 16:35:07'),
(9, 3, 1, 16, 77, 82, '2024-12-10 17:05:07'),
(10, 1, 1, 248, 69, 81, '2024-12-10 17:35:07'),
(11, 2, 1, 207, 91, 73, '2024-12-10 18:05:07'),
(12, 3, 1, 16, 73, 81, '2024-12-10 18:35:07'),
(13, 1, 1, 250, 70, 84, '2024-12-10 19:05:07'),
(14, 2, 1, 209, 79, 78, '2024-12-10 19:35:07'),
(15, 3, 1, 16, 93, 70, '2024-12-10 20:05:07'),
(16, 1, 1, 252, 63, 73, '2024-12-10 20:35:07'),
(17, 2, 1, 211, 68, 84, '2024-12-10 21:05:07'),
(18, 3, 1, 16, 60, 93, '2024-12-10 21:35:07'),
(19, 1, 1, 255, 66, 76, '2024-12-10 22:05:07'),
(20, 2, 0, 213, 75, 82, '2024-12-10 22:35:07'),
(21, 3, 1, 17, 73, 77, '2024-12-10 23:05:07'),
(22, 1, 1, 257, 75, 92, '2024-12-10 23:35:07'),
(23, 2, 1, 215, 75, 79, '2024-12-11 00:05:07'),
(24, 3, 1, 17, 77, 78, '2024-12-11 00:35:07'),
(25, 1, 1, 260, 65, 81, '2024-12-11 01:05:07'),
(26, 2, 1, 217, 73, 83, '2024-12-11 01:35:07'),
(27, 3, 1, 17, 69, 91, '2024-12-11 02:05:07'),
(28, 1, 1, 262, 62, 91, '2024-12-11 02:35:07'),
(29, 2, 1, 219, 62, 84, '2024-12-11 03:05:07'),
(30, 3, 1, 17, 66, 82, '2024-12-11 03:35:07'),
(31, 1, 1, 264, 73, 84, '2024-12-11 04:05:07'),
(32, 2, 1, 221, 60, 71, '2024-12-11 04:35:07'),
(33, 3, 1, 17, 74, 83, '2024-12-11 05:05:07'),
(34, 1, 1, 267, 68, 74, '2024-12-11 05:35:07'),
(35, 2, 1, 223, 67, 77, '2024-12-11 06:05:07'),
(36, 3, 1, 17, 71, 78, '2024-12-11 06:35:07'),
(37, 1, 1, 269, 67, 93, '2024-12-11 07:05:07'),
(38, 2, 1, 225, 76, 81, '2024-12-11 07:35:07'),
(39, 3, 1, 18, 68, 83, '2024-12-11 08:05:07'),
(40, 1, 1, 272, 60, 70, '2024-12-11 08:35:07'),
(41, 2, 1, 227, 76, 75, '2024-12-11 09:05:07'),
(42, 3, 1, 18, 70, 84, '2024-12-11 09:35:07'),
(43, 1, 1, 274, 76, 80, '2024-12-11 10:05:07'),
(44, 2, 1, 229, 64, 79, '2024-12-11 10:35:07'),
(45, 3, 1, 18, 74, 72, '2024-12-11 11:05:07'),
(46, 1, 1, 276, 61, 72, '2024-12-11 11:35:07'),
(47, 2, 1, 231, 79, 83, '2024-12-11 12:05:07'),
(48, 3, 1, 18, 78, 82, '2024-12-11 12:35:07'),
(49, 1, 1, 279, 72, 75, '2024-12-11 13:05:07'),
(50, 2, 1, 233, 77, 74, '2024-12-11 13:35:07'),
(51, 3, 1, 18, 60, 76, '2024-12-11 14:05:07'),
(52, 1, 1, 281, 75, 80, '2024-12-11 14:35:07'),
(53, 2, 1, 235, 68, 71, '2024-12-11 15:05:07'),
(54, 3, 1, 18, 67, 78, '2024-12-11 15:35:07'),
(55, 1, 1, 284, 61, 78, '2024-12-11 16:05:07'),
(56, 2, 1, 237, 79, 74, '2024-12-11 16:35:07'),
(57, 3, 1, 19, 65, 71, '2024-12-11 17:05:07'),
(58, 1, 1, 286, 78, 73, '2024-12-11 17:35:07'),
(59, 2, 1, 239, 75, 83, '2024-12-11 18:05:07'),
(60, 3, 1, 19, 76, 71, '2024-12-11 18:35:07'),
(61, 1, 1, 288, 60, 81, '2024-12-11 19:05:07'),
(62, 2, 1, 241, 62, 70, '2024-12-11 19:35:07'),
(63, 3, 1, 19, 68, 77, '2024-12-11 20:05:07'),
(64, 1, 1, 291, 66, 75, '2024-12-11 20:35:07'),
(65, 2, 1, 243, 76, 72, '2024-12-11 21:05:07'),
(66, 3, 1, 19, 66, 70, '2024-12-11 21:35:07'),
(67, 1, 1, 293, 63, 82, '2024-12-11 22:05:07'),
(68, 2, 1, 245, 78, 79, '2024-12-11 22:35:07'),
(69, 3, 1, 19, 71, 70, '2024-12-11 23:05:07'),
(70, 1, 1, 296, 67, 77, '2024-12-11 23:35:07'),
(71, 2, 1, 247, 73, 70, '2024-12-12 00:05:07'),
(72, 3, 1, 19, 77, 72, '2024-12-12 00:35:07'),
(73, 1, 1, 298, 64, 75, '2024-12-12 01:05:07'),
(74, 2, 1, 249, 77, 82, '2024-12-12 01:35:07'),
(75, 3, 1, 20, 61, 76, '2024-12-12 02:05:07'),
(76, 1, 1, 300, 62, 83, '2024-12-12 02:35:07'),
(77, 2, 1, 251, 73, 81, '2024-12-12 03:05:07'),
(78, 3, 1, 20, 73, 84, '2024-12-12 03:35:07'),
(79, 1, 1, 303, 63, 71, '2024-12-12 04:05:07'),
(80, 2, 1, 253, 77, 91, '2024-12-12 04:35:07'),
(81, 3, 1, 20, 73, 75, '2024-12-12 05:05:07'),
(82, 1, 1, 305, 78, 80, '2024-12-12 05:35:07'),
(83, 2, 1, 255, 64, 81, '2024-12-12 06:05:07'),
(84, 3, 1, 20, 79, 84, '2024-12-12 06:35:07'),
(85, 1, 1, 308, 72, 75, '2024-12-12 07:05:07'),
(86, 2, 1, 257, 76, 84, '2024-12-12 07:35:07'),
(87, 3, 1, 20, 67, 83, '2024-12-12 08:05:07'),
(88, 1, 1, 310, 77, 74, '2024-12-12 08:35:07'),
(89, 2, 1, 259, 65, 81, '2024-12-12 09:05:07'),
(90, 3, 0, 20, 75, 76, '2024-12-12 09:35:07'),
(91, 1, 1, 312, 77, 84, '2024-12-12 10:05:07'),
(92, 2, 1, 261, 69, 73, '2024-12-12 10:35:07'),
(93, 3, 1, 20, 70, 71, '2024-12-12 11:05:07'),
(94, 1, 1, 315, 65, 71, '2024-12-12 11:35:07'),
(95, 2, 1, 263, 75, 70, '2024-12-12 12:05:07'),
(96, 3, 1, 21, 79, 77, '2024-12-12 12:35:07'),
(97, 1, 1, 317, 63, 79, '2024-12-12 13:05:07'),
(98, 2, 1, 265, 79, 84, '2024-12-12 13:35:07'),
(99, 3, 1, 21, 65, 80, '2024-12-12 14:05:07'),
(100, 1, 1, 320, 78, 84, '2024-12-12 14:35:07'),
(101, 2, 1, 267, 67, 81, '2024-12-12 15:05:07'),
(102, 3, 1, 21, 69, 84, '2024-12-12 15:35:07'),
(103, 1, 1, 322, 60, 84, '2024-12-12 16:05:07'),
(104, 2, 1, 269, 67, 84, '2024-12-12 16:35:07'),
(105, 3, 1, 21, 67, 75, '2024-12-12 17:05:07'),
(106, 1, 1, 324, 91, 81, '2024-12-12 17:35:07'),
(107, 2, 1, 271, 68, 84, '2024-12-12 18:05:07'),
(108, 3, 1, 21, 60, 84, '2024-12-12 18:35:07'),
(109, 1, 1, 327, 67, 79, '2024-12-12 19:05:07'),
(110, 2, 1, 273, 68, 76, '2024-12-12 19:35:07'),
(111, 3, 1, 21, 93, 75, '2024-12-12 20:05:07'),
(112, 1, 1, 329, 63, 71, '2024-12-12 20:35:07'),
(113, 2, 1, 275, 72, 73, '2024-12-12 21:05:07'),
(114, 3, 1, 22, 67, 74, '2024-12-12 21:35:07'),
(115, 1, 1, 332, 67, 77, '2024-12-12 22:05:07'),
(116, 2, 1, 277, 74, 79, '2024-12-12 22:35:07'),
(117, 3, 1, 22, 91, 78, '2024-12-12 23:05:07'),
(118, 1, 1, 334, 61, 84, '2024-12-12 23:35:07'),
(119, 2, 1, 279, 73, 77, '2024-12-13 00:05:07'),
(120, 3, 1, 22, 69, 79, '2024-12-13 00:35:07'),
(121, 1, 1, 336, 78, 83, '2024-12-13 01:05:07'),
(122, 2, 1, 281, 79, 76, '2024-12-13 01:35:07'),
(123, 3, 1, 22, 64, 82, '2024-12-13 02:05:07'),
(124, 1, 1, 339, 71, 84, '2024-12-13 02:35:07'),
(125, 2, 1, 283, 61, 76, '2024-12-13 03:05:07'),
(126, 3, 1, 22, 60, 71, '2024-12-13 03:35:07'),
(127, 1, 1, 341, 75, 82, '2024-12-13 04:05:07'),
(128, 2, 1, 285, 67, 80, '2024-12-13 04:35:07'),
(129, 3, 1, 22, 76, 70, '2024-12-13 05:05:07'),
(130, 1, 1, 344, 66, 76, '2024-12-13 05:35:07'),
(131, 2, 1, 287, 78, 82, '2024-12-13 06:05:07'),
(132, 3, 1, 23, 93, 83, '2024-12-13 06:35:07'),
(133, 1, 1, 346, 61, 81, '2024-12-13 07:05:07'),
(134, 2, 1, 289, 64, 78, '2024-12-13 07:35:07'),
(135, 3, 1, 23, 64, 79, '2024-12-13 08:05:07'),
(136, 1, 1, 348, 67, 76, '2024-12-13 08:35:07'),
(137, 2, 1, 291, 75, 78, '2024-12-13 09:05:07'),
(138, 3, 1, 23, 66, 83, '2024-12-13 09:35:07'),
(139, 1, 1, 351, 69, 72, '2024-12-13 10:05:07'),
(140, 2, 1, 293, 75, 75, '2024-12-13 10:35:07'),
(141, 3, 1, 23, 67, 77, '2024-12-13 11:05:07'),
(142, 1, 1, 353, 70, 72, '2024-12-13 11:35:07'),
(143, 2, 1, 295, 72, 72, '2024-12-13 12:05:07'),
(144, 3, 1, 23, 90, 71, '2024-12-13 12:35:07'),
(145, 1, 1, 356, 72, 82, '2024-12-13 13:05:07'),
(146, 2, 1, 297, 61, 78, '2024-12-13 13:35:07'),
(147, 3, 1, 23, 71, 74, '2024-12-13 14:05:07'),
(148, 1, 1, 358, 73, 84, '2024-12-13 14:35:07'),
(149, 2, 1, 299, 68, 93, '2024-12-13 15:05:07'),
(150, 3, 1, 24, 71, 84, '2024-12-13 15:35:07'),
(151, 1, 1, 360, 78, 81, '2024-12-13 16:05:07'),
(152, 2, 1, 301, 69, 72, '2024-12-13 16:35:07'),
(153, 3, 1, 24, 66, 83, '2024-12-13 17:05:07'),
(154, 1, 1, 363, 71, 75, '2024-12-13 17:35:07'),
(155, 2, 1, 303, 66, 84, '2024-12-13 18:05:07'),
(156, 3, 1, 24, 76, 80, '2024-12-13 18:35:07'),
(157, 1, 1, 365, 77, 77, '2024-12-13 19:05:07'),
(158, 2, 1, 305, 77, 83, '2024-12-13 19:35:07'),
(159, 3, 1, 24, 71, 70, '2024-12-13 20:05:07'),
(160, 1, 1, 368, 72, 76, '2024-12-13 20:35:07'),
(161, 2, 1, 307, 72, 81, '2024-12-13 21:05:07'),
(162, 3, 1, 24, 60, 71, '2024-12-13 21:35:07'),
(163, 1, 1, 370, 64, 71, '2024-12-13 22:05:07'),
(164, 2, 1, 309, 61, 73, '2024-12-13 22:35:07'),
(165, 3, 1, 24, 69, 81, '2024-12-13 23:05:07'),
(166, 1, 1, 372, 63, 77, '2024-12-13 23:35:07'),
(167, 2, 1, 311, 67, 72, '2024-12-14 00:05:07'),
(168, 3, 1, 24, 77, 83, '2024-12-14 00:35:07'),
(169, 1, 1, 375, 72, 90, '2024-12-14 01:05:07'),
(170, 2, 1, 313, 70, 80, '2024-12-14 01:35:07'),
(171, 3, 1, 25, 73, 79, '2024-12-14 02:05:07'),
(172, 1, 1, 377, 67, 83, '2024-12-14 02:35:07'),
(173, 2, 1, 315, 66, 71, '2024-12-14 03:05:07'),
(174, 3, 1, 25, 74, 78, '2024-12-14 03:35:07'),
(175, 1, 1, 380, 62, 76, '2024-12-14 04:05:07'),
(176, 2, 1, 317, 63, 78, '2024-12-14 04:35:07'),
(177, 3, 1, 25, 74, 77, '2024-12-14 05:05:07'),
(178, 1, 1, 382, 69, 73, '2024-12-14 05:35:07'),
(179, 2, 1, 319, 69, 71, '2024-12-14 06:05:07'),
(180, 3, 1, 25, 73, 80, '2024-12-14 06:35:07'),
(181, 1, 1, 384, 69, 75, '2024-12-14 07:05:07'),
(182, 2, 1, 321, 92, 72, '2024-12-14 07:35:07'),
(183, 3, 1, 25, 68, 84, '2024-12-14 08:05:07'),
(184, 1, 1, 387, 71, 73, '2024-12-14 08:35:07'),
(185, 2, 1, 323, 68, 72, '2024-12-14 09:05:07'),
(186, 3, 1, 25, 65, 83, '2024-12-14 09:35:07'),
(187, 1, 1, 389, 66, 78, '2024-12-14 10:05:07'),
(188, 2, 1, 325, 66, 74, '2024-12-14 10:35:07'),
(189, 3, 1, 26, 60, 74, '2024-12-14 11:05:07'),
(190, 1, 1, 392, 64, 75, '2024-12-14 11:35:07'),
(191, 2, 1, 327, 67, 74, '2024-12-14 12:05:07'),
(192, 3, 1, 26, 71, 83, '2024-12-14 12:35:07'),
(193, 1, 1, 394, 62, 75, '2024-12-14 13:05:07'),
(194, 2, 1, 329, 75, 74, '2024-12-14 13:35:07'),
(195, 3, 1, 26, 76, 78, '2024-12-14 14:05:07'),
(196, 1, 1, 396, 61, 74, '2024-12-14 14:35:07'),
(197, 2, 1, 331, 73, 79, '2024-12-14 15:05:07'),
(198, 3, 1, 26, 79, 73, '2024-12-14 15:35:07'),
(199, 1, 1, 399, 62, 76, '2024-12-14 16:05:07'),
(200, 2, 1, 333, 70, 78, '2024-12-14 16:35:07'),
(201, 3, 1, 26, 77, 76, '2024-12-14 17:05:07'),
(202, 1, 1, 401, 73, 82, '2024-12-14 17:35:07'),
(203, 2, 1, 335, 68, 82, '2024-12-14 18:05:07'),
(204, 3, 1, 26, 69, 76, '2024-12-14 18:35:07'),
(205, 1, 1, 404, 70, 75, '2024-12-14 19:05:07'),
(206, 2, 1, 337, 65, 76, '2024-12-14 19:35:07'),
(207, 3, 1, 27, 71, 82, '2024-12-14 20:05:07'),
(208, 1, 1, 406, 65, 82, '2024-12-14 20:35:07'),
(209, 2, 1, 339, 78, 84, '2024-12-14 21:05:07'),
(210, 3, 1, 27, 69, 75, '2024-12-14 21:35:07'),
(211, 1, 1, 408, 64, 80, '2024-12-14 22:05:07'),
(212, 2, 1, 341, 68, 92, '2024-12-14 22:35:07'),
(213, 3, 1, 27, 62, 81, '2024-12-14 23:05:07'),
(214, 1, 1, 411, 69, 81, '2024-12-14 23:35:07'),
(215, 2, 1, 343, 71, 70, '2024-12-15 00:05:07'),
(216, 3, 1, 27, 74, 84, '2024-12-15 00:35:07'),
(217, 1, 1, 413, 61, 93, '2024-12-15 01:05:07'),
(218, 2, 0, 345, 60, 80, '2024-12-15 01:35:07'),
(219, 3, 1, 27, 64, 82, '2024-12-15 02:05:07'),
(220, 1, 1, 416, 78, 70, '2024-12-15 02:35:07'),
(221, 2, 1, 347, 73, 77, '2024-12-15 03:05:07'),
(222, 3, 1, 27, 69, 82, '2024-12-15 03:35:07'),
(223, 1, 1, 418, 71, 78, '2024-12-15 04:05:07'),
(224, 2, 1, 349, 77, 74, '2024-12-15 04:35:07'),
(225, 3, 1, 28, 63, 73, '2024-12-15 05:05:07'),
(226, 1, 1, 420, 71, 82, '2024-12-15 05:35:07'),
(227, 2, 1, 351, 78, 83, '2024-12-15 06:05:07'),
(228, 3, 1, 28, 79, 72, '2024-12-15 06:35:07'),
(229, 1, 1, 423, 60, 84, '2024-12-15 07:05:07'),
(230, 2, 1, 353, 71, 79, '2024-12-15 07:35:07'),
(231, 3, 1, 28, 74, 71, '2024-12-15 08:05:07'),
(232, 1, 1, 425, 92, 76, '2024-12-15 08:35:07'),
(233, 2, 1, 355, 70, 72, '2024-12-15 09:05:07'),
(234, 3, 1, 28, 79, 76, '2024-12-15 09:35:07'),
(235, 1, 1, 428, 66, 80, '2024-12-15 10:05:07'),
(236, 2, 1, 357, 70, 91, '2024-12-15 10:35:07'),
(237, 3, 1, 28, 64, 72, '2024-12-15 11:05:07'),
(238, 1, 1, 430, 69, 70, '2024-12-15 11:35:07'),
(239, 2, 1, 359, 68, 74, '2024-12-15 12:05:07'),
(240, 3, 1, 28, 62, 76, '2024-12-15 12:35:07'),
(241, 1, 1, 432, 61, 75, '2024-12-15 13:05:07'),
(242, 2, 1, 361, 64, 72, '2024-12-15 13:35:07'),
(243, 3, 1, 28, 79, 78, '2024-12-15 14:05:07'),
(244, 1, 1, 435, 79, 74, '2024-12-15 14:35:07'),
(245, 2, 1, 363, 60, 74, '2024-12-15 15:05:07'),
(246, 3, 1, 29, 68, 83, '2024-12-15 15:35:07'),
(247, 1, 1, 437, 75, 82, '2024-12-15 16:05:07'),
(248, 2, 1, 365, 93, 78, '2024-12-15 16:35:07'),
(249, 3, 1, 29, 74, 74, '2024-12-15 17:05:07'),
(250, 1, 1, 440, 60, 79, '2024-12-15 17:35:07'),
(251, 2, 1, 367, 71, 72, '2024-12-15 18:05:07'),
(252, 3, 1, 29, 61, 82, '2024-12-15 18:35:07'),
(253, 1, 1, 442, 62, 73, '2024-12-15 19:05:07'),
(254, 2, 1, 369, 73, 71, '2024-12-15 19:35:07'),
(255, 3, 1, 29, 76, 72, '2024-12-15 20:05:07'),
(256, 1, 1, 444, 66, 93, '2024-12-15 20:35:07'),
(257, 2, 1, 371, 79, 82, '2024-12-15 21:05:07'),
(258, 3, 1, 29, 61, 76, '2024-12-15 21:35:07'),
(259, 1, 1, 447, 73, 72, '2024-12-15 22:05:07'),
(260, 2, 1, 373, 79, 81, '2024-12-15 22:35:07'),
(261, 3, 1, 29, 79, 75, '2024-12-15 23:05:07'),
(262, 1, 1, 449, 62, 76, '2024-12-15 23:35:07'),
(263, 2, 1, 375, 67, 93, '2024-12-16 00:05:07'),
(264, 3, 1, 30, 71, 81, '2024-12-16 00:35:07'),
(265, 1, 1, 452, 76, 77, '2024-12-16 01:05:07'),
(266, 2, 1, 377, 62, 73, '2024-12-16 01:35:07'),
(267, 3, 1, 30, 73, 79, '2024-12-16 02:05:07'),
(268, 1, 1, 454, 75, 79, '2024-12-16 02:35:07'),
(269, 2, 1, 379, 71, 81, '2024-12-16 03:05:07'),
(270, 3, 1, 30, 68, 75, '2024-12-16 03:35:07'),
(271, 1, 1, 456, 69, 74, '2024-12-16 04:05:07'),
(272, 2, 1, 381, 94, 81, '2024-12-16 04:35:07'),
(273, 3, 1, 30, 60, 77, '2024-12-16 05:05:07'),
(274, 1, 1, 459, 66, 81, '2024-12-16 05:35:07'),
(275, 2, 1, 383, 76, 84, '2024-12-16 06:05:07'),
(276, 3, 1, 30, 61, 81, '2024-12-16 06:35:07'),
(277, 1, 1, 461, 68, 80, '2024-12-16 07:05:07'),
(278, 2, 1, 385, 61, 79, '2024-12-16 07:35:07'),
(279, 3, 1, 30, 71, 72, '2024-12-16 08:05:07'),
(280, 1, 1, 464, 79, 74, '2024-12-16 08:35:07'),
(281, 2, 1, 387, 78, 72, '2024-12-16 09:05:07'),
(282, 3, 1, 31, 75, 82, '2024-12-16 09:35:07'),
(283, 1, 1, 466, 69, 72, '2024-12-16 10:05:07'),
(284, 2, 1, 389, 63, 84, '2024-12-16 10:35:07'),
(285, 3, 1, 31, 74, 76, '2024-12-16 11:05:07'),
(286, 1, 1, 468, 64, 72, '2024-12-16 11:35:07'),
(287, 2, 1, 391, 64, 79, '2024-12-16 12:05:07'),
(288, 3, 1, 31, 78, 94, '2024-12-16 12:35:07'),
(289, 1, 1, 471, 70, 84, '2024-12-16 13:05:07'),
(290, 2, 1, 393, 69, 73, '2024-12-16 13:35:07'),
(291, 3, 1, 31, 76, 83, '2024-12-16 14:05:07'),
(292, 1, 1, 473, 79, 75, '2024-12-16 14:35:07'),
(293, 2, 1, 395, 64, 82, '2024-12-16 15:05:07'),
(294, 3, 1, 31, 78, 84, '2024-12-16 15:35:07'),
(295, 1, 1, 476, 77, 72, '2024-12-16 16:05:07'),
(296, 2, 1, 397, 91, 73, '2024-12-16 16:35:07'),
(297, 3, 1, 31, 64, 73, '2024-12-16 17:05:07'),
(298, 1, 1, 478, 68, 74, '2024-12-16 17:35:07'),
(299, 2, 1, 399, 68, 83, '2024-12-16 18:05:07'),
(300, 3, 1, 32, 70, 83, '2024-12-16 18:35:07');

--
-- Index pour les tables déchargées
--

--
-- Index pour la table `machines`
--
ALTER TABLE `machines`
  ADD PRIMARY KEY (`machine_id`);

--
-- Index pour la table `notifications`
--
ALTER TABLE `notifications`
  ADD PRIMARY KEY (`notification_id`),
  ADD KEY `notification_machine` (`FK_machine_id`),
  ADD KEY `notification_notif_type` (`FK_notification_type_id`);

--
-- Index pour la table `notifications_type`
--
ALTER TABLE `notifications_type`
  ADD PRIMARY KEY (`notification_type_id`);

--
-- Index pour la table `ressources_hist`
--
ALTER TABLE `ressources_hist`
  ADD PRIMARY KEY (`resource_hist_id`),
  ADD KEY `FK_machines_ressources_hist` (`FK_machine_id`);

--
-- AUTO_INCREMENT pour les tables déchargées
--

--
-- AUTO_INCREMENT pour la table `machines`
--
ALTER TABLE `machines`
  MODIFY `machine_id` int(11) NOT NULL AUTO_INCREMENT, AUTO_INCREMENT=4;

--
-- AUTO_INCREMENT pour la table `notifications`
--
ALTER TABLE `notifications`
  MODIFY `notification_id` int(11) NOT NULL AUTO_INCREMENT, AUTO_INCREMENT=217;

--
-- AUTO_INCREMENT pour la table `notifications_type`
--
ALTER TABLE `notifications_type`
  MODIFY `notification_type_id` int(11) NOT NULL AUTO_INCREMENT, AUTO_INCREMENT=3;

--
-- AUTO_INCREMENT pour la table `ressources_hist`
--
ALTER TABLE `ressources_hist`
  MODIFY `resource_hist_id` int(11) NOT NULL AUTO_INCREMENT, AUTO_INCREMENT=512;

--
-- Contraintes pour les tables déchargées
--

--
-- Contraintes pour la table `notifications`
--
ALTER TABLE `notifications`
  ADD CONSTRAINT `notification_machine` FOREIGN KEY (`FK_machine_id`) REFERENCES `machines` (`machine_id`),
  ADD CONSTRAINT `notification_notif_type` FOREIGN KEY (`FK_notification_type_id`) REFERENCES `notifications_type` (`notification_type_id`);

--
-- Contraintes pour la table `ressources_hist`
--
ALTER TABLE `ressources_hist`
  ADD CONSTRAINT `FK_machines_ressources_hist` FOREIGN KEY (`FK_machine_id`) REFERENCES `machines` (`machine_id`);
COMMIT;

/*!40101 SET CHARACTER_SET_CLIENT=@OLD_CHARACTER_SET_CLIENT */;
/*!40101 SET CHARACTER_SET_RESULTS=@OLD_CHARACTER_SET_RESULTS */;
/*!40101 SET COLLATION_CONNECTION=@OLD_COLLATION_CONNECTION */;
